N,2_bins,3_bins,4_bins,5_bins,6_bins,7_bins,8_bins,9_bins,10_bins,11_bins,12_bins,13_bins,14_bins,15_bins,16_bins,17_bins,18_bins,19_bins,20_bins,21_bins,22_bins,23_bins,24_bins,25_bins,26_bins,27_bins,28_bins,29_bins,30_bins,31_bins,32_bins,33_bins,34_bins,35_bins,36_bins,37_bins,38_bins,39_bins,40_bins,41_bins,42_bins,43_bins,44_bins,45_bins,46_bins,47_bins,48_bins,49_bins,50_bins
500,0.0032648189520508423,0.008075890240639412,0.009868293154560295,0.019272662271681347,0.032048180380278596,0.04551677916017212,0.04457556325532669,0.04207189197563255,0.03206969643958619,0.040083686509356634,0.05685640898184456,0.056132477994046234,0.05003955821659172,0.06733205611542069,0.051584783081456934,0.0727346178072402,0.07256206675750401,0.0709289190977325,0.08264212923029504,0.06396265710032512,0.06141822365668793,0.0664608005854977,0.08757051115887275,0.08791903008501024,0.07067917723356573,0.07440157599672051,0.0797964143528548,0.07050406942573112,0.06467267169795482,0.06760138362851378,0.07134312899086152,0.08985920190873589,0.06737572593775581,0.06781621613895188,0.07208235963418815,0.059786801666844844,0.047752553592829323,0.05982923582766111,0.048220019645141124,0.07269852803623907,0.05918431124081339,0.04927439687169103,0.06678156303322032,0.05774934246397907,0.055027285774572714,0.0753970555045323,0.05548679193480736,0.058780344670577585,0.054840563989554156
1000,0.0007750946475211727,0.002645108836557731,0.006033534603015674,0.008946029344499253,0.011149193473286974,0.016605133726975165,0.0236591706067844,0.030750017522594784,0.03513631940186989,0.038517747224079246,0.03300665198566249,0.02304991823616614,0.028306639028234125,0.032911761268715804,0.03880429371550712,0.034421107116986135,0.03712989545537841,0.036129909900224105,0.039396659847998686,0.041355257385276394,0.04593176910390643,0.05855501551095239,0.03982287635457316,0.054315218221445374,0.06311797705570894,0.059575346376112774,0.048192941104300044,0.05822805603261027,0.05384859022067251,0.04705846776155713,0.05262301024323598,0.053313982203225044,0.0644377494582377,0.053102495687889016,0.06418221829549164,0.05421973715462504,0.061774261819231145,0.07038266504940684,0.06204792437749975,0.04108008782038956,0.06127621286462859,0.049630614741905534,0.04678811831015394,0.050459405099026994,0.0454755969937991,0.043288170889512166,0.053143854457005084,0.05804157539965523,0.05449951997882064
1500,0.0002947568541706687,0.0027882597459989752,0.0025301990051028564,0.005543908702732923,0.007789637918038488,0.01104025147024615,0.015190830912712845,0.015630284565166838,0.01828315773235919,0.020802346087525285,0.030493338036710477,0.02943003962981642,0.02492647767036741,0.022271209966274567,0.021886566213060454,0.022224731635457618,0.02596982852234744,0.030134893009034668,0.028131446664401046,0.031859795420715875,0.028554868573943782,0.032248821719898596,0.0328450332675128,0.03222014654211376,0.03097733295480499,0.03938600046671267,0.031952295394183323,0.03850217520074179,0.03904876739132046,0.038425979566491714,0.03535317797843141,0.04774016380462497,0.045674493218186146,0.047145679345229376,0.04144806484889747,0.05136214651889977,0.04364840347737697,0.04691575265926668,0.04593927960991668,0.04725761930314757,0.04617624517789137,0.05146754539044432,0.05198416727090268,0.041537568847878244,0.04553579942053365,0.04389219451096487,0.03863421074737184,0.04694410402323497,0.04659434208511762
2000,0.0003544102158022205,0.0013094068986766398,0.0027978894513632255,0.004211620450640018,0.005591616815089907,0.006993777790205619,0.011755253752853788,0.015309427215318284,0.01777722914913156,0.023792726595405593,0.023238109634168926,0.02254339127137427,0.017808568348669975,0.026327879582671042,0.02410838279786488,0.019996194822534494,0.01718025335158688,0.02314863538948872,0.015930589177276102,0.02442016967192294,0.02567091481622562,0.02199080512407966,0.02411645192732513,0.029090027285190886,0.023222070353655422,0.030367271332547772,0.03027152916247422,0.025553514326203706,0.033580043291157005,0.02802763558073351,0.033604827189258515,0.03322968370880568,0.03458410316433493,0.040687712697832314,0.03973759558087109,0.03620626468299742,0.030920711276344725,0.03638544896641319,0.03866452398904737,0.04013351778140658,0.03519382537958717,0.043334424888586014,0.03835117216132533,0.042402737524792726,0.03680601151524879,0.04148836820147097,0.030674745485025693,0.02820399438280078,0.04452336965061501
2500,0.000420970095735282,0.0012901880973206856,0.002272621624801211,0.0028494355286395254,0.004298960307648035,0.007314630372872913,0.009401223535778993,0.011994085900282446,0.014696039680037888,0.018845212469019757,0.017141220066655916,0.015739534722613715,0.021796971420905385,0.02124784237300397,0.014288936682327023,0.018021468146133392,0.01813862008114736,0.01836361935967573,0.017523925237515003,0.015034724852065381,0.017620484990303085,0.0175055937220114,0.01819467509165315,0.021973899641871224,0.019359815583746734,0.024788186508128363,0.024782363364207458,0.023382062273317867,0.027256284257023814,0.020795044582763482,0.028289441635559392,0.027385093952207274,0.028927856292354705,0.031086835484827432,0.02613223591191415,0.03589101022303334,0.030225390610394517,0.031376770835636426,0.030074102491713557,0.03099107841525964,0.038108516197573036,0.030471693005540007,0.036957971638105096,0.030599099803155064,0.028663976251940122,0.03333072223291695,0.03733514793689295,0.03133661056169391,0.031037483472062727
3000,0.0003287214834948763,0.0011181063346404764,0.001879282032377562,0.003264699005365748,0.003034093996566842,0.004595195590902741,0.005189744328484089,0.011642093984794396,0.011850213218523954,0.016416058447108462,0.015650393351851526,0.019349517097888184,0.0166405767948279,0.019085953823647705,0.01631031210652351,0.01557951220678612,0.01852863035746201,0.015182099522803812,0.019410559318749084,0.01326266530231963,0.02303238898920821,0.014292812169087961,0.01705634956567702,0.015375091929981011,0.0158500459895053,0.014810634120559867,0.01916829127196045,0.01746610115622844,0.017762138178676758,0.02081965451508098,0.02494186673496738,0.02012095677193845,0.024066713238734078,0.029320013926224523,0.029030329881143114,0.02748988460773303,0.02300516323507338,0.02840426991408563,0.025221622312428943,0.019929665646734124,0.030784115887133714,0.02191494947951034,0.03244570970503865,0.02647012957229419,0.026585132506807295,0.02630259170753364,0.0348567441287464,0.022031931987857488,0.033578255670824654
3500,0.0002530446767737735,0.0007981899393424271,0.0014189521962805149,0.002680884632278247,0.003120250147047132,0.005255733512624462,0.006781504295146814,0.005609472373119694,0.007072667450190011,0.01367125738293695,0.011738562208420896,0.013530176200612549,0.014552627107190127,0.014925714463704092,0.01743363710335891,0.014828911363614737,0.01201823661101387,0.01778907196330582,0.016384414387375687,0.01638762222885532,0.014309563807121312,0.011705549374481906,0.013152914948784629,0.015809505070372223,0.014519361699918631,0.020221137705239135,0.014613018786653425,0.01642179347897003,0.01781057002519928,0.019644596404420827,0.019423321812961747,0.02194714591598603,0.02320073088630955,0.01762739103590027,0.021650812111500908,0.013057402767853351,0.018907789322856278,0.017357929765212027,0.020293517659021886,0.024707813363685667,0.02330766491596709,0.02621355166289279,0.030841875659416217,0.033160463996008714,0.03211870761003966,0.02249219914965273,0.02522086370528743,0.027560781997192373,0.032530812483240794
4000,0.00013112916890689982,0.0006080774687322536,0.0010301100752080194,0.001987126879660678,0.0026232933112325684,0.003912851067645988,0.004454371564408114,0.005548173248514074,0.008347332037926054,0.009231274009125276,0.013397988069726061,0.016813818009510994,0.015191381625541485,0.016037202851583856,0.015449176576370977,0.009706436848459895,0.014368372314142957,0.017529042381953068,0.01593853296391669,0.015871554314333527,0.010715754735116025,0.011137032729567804,0.01491455315897665,0.012657337885754641,0.011666497227034387,0.011141649077356599,0.013913674923338379,0.012240459107380091,0.015440098912119594,0.01582437738614564,0.012627777904157573,0.01676397791792985,0.019028884840374703,0.015718859873187954,0.015951330011256253,0.019799826158869636,0.021535162539725178,0.023834731647168417,0.016565946080127448,0.020437450289353707,0.023670758596159667,0.020826058428997735,0.02682899779163679,0.0271101407174229,0.02468141964849571,0.028136448466849408,0.029832781623786477,0.021254736403523204,0.02479218840224135
4500,0.00023049790794370302,0.000497948047258698,0.0015590510764589489,0.0019598125029012883,0.0025090200504689114,0.00381681506535061,0.004321307311006727,0.005817430257201388,0.005997656082283081,0.008985998242752362,0.009713810508304008,0.011654503733208324,0.011133033725047585,0.011217712200043818,0.015376625129183308,0.01631396528409452,0.017257814314151118,0.014869667089437773,0.01173187202727423,0.012839884308944755,0.014687535736246904,0.012321729220144384,0.013495506676284434,0.013926511538734363,0.01348961257424087,0.013723424653591396,0.014525517213473732,0.012006041501148996,0.011113905263166147,0.012531870223830174,0.014501966204633156,0.010938436442548433,0.01535050756433846,0.01512748576210617,0.017659802506431746,0.016286873793639026,0.015454842951959735,0.020170246944235356,0.02097457258329353,0.02195674919520511,0.017289507711783277,0.021767513536824646,0.01687596356253675,0.02335295184955677,0.021408149066067767,0.018789161692779235,0.018400734541959802,0.014901160121556654,0.02055738145179895
5000,0.0002866972622695891,0.0006352103054317061,0.0009754685192109691,0.0015918476502861777,0.0022810472921759705,0.0022686029867097237,0.003982077379677869,0.004474185707383133,0.005488712590015004,0.006206096239622547,0.010153998404015074,0.007575504102820766,0.007654551001710604,0.010894121391761586,0.0117373084757403,0.013766364210500344,0.01496322499463893,0.016537996498212828,0.015769096996417733,0.016034132110841804,0.011604516505865983,0.010586784165623931,0.010292678043422338,0.01069693115379972,0.01214091084289986,0.012774381391521136,0.011666759330238901,0.013984394223200398,0.013442901927984334,0.016080396404376196,0.01312909013402556,0.012989473102391048,0.011577301317054393,0.011365348881837233,0.013156353250711857,0.014543957619830317,0.01468084361968337,0.01757630667536245,0.015958492902633264,0.01911558188124554,0.015443230177491241,0.01787623163470102,0.020994666534297567,0.020190790391198966,0.021102232933583452,0.01805073021707505,0.022146015303648084,0.01609879817423936,0.02409253926852704
5500,0.00014497953047673504,0.0005633618965710086,0.0006920564256359966,0.001527181194480069,0.001980115774279365,0.0024812314910844465,0.002981706037082281,0.004320682715470054,0.0047509464157313355,0.0060351781530802945,0.007574936553488308,0.0075902402194945,0.010868375305691614,0.009255313652185664,0.011397797338875538,0.012786366915074098,0.011548993326336883,0.010952337352378565,0.013092090889486714,0.015062443470013988,0.011081876400291601,0.012546370704888208,0.010822807483766116,0.01316193685855187,0.01271840862910256,0.011392621422830653,0.01307945958790014,0.01132864770732221,0.012758069448272655,0.010261411652904326,0.011176348059034613,0.01249481937823609,0.013223537205900695,0.014116210058787795,0.012607047413794363,0.013040398088879386,0.016295739951159058,0.01303953969950512,0.014130981929463708,0.017886789697127033,0.015489936251448653,0.014988054108178774,0.018683152853872117,0.01627620958292569,0.017833233203362053,0.01609425852724514,0.015159705050641056,0.01613392525791869,0.01922841558880314
6000,0.00010585247855304454,0.0003630549821980381,0.000829097241951471,0.0014246150440492115,0.0020331716941851216,0.0023306769417281606,0.002969319279721264,0.004293406733148971,0.0046526153011158256,0.005494585628329295,0.0058836270552071294,0.008563072284370444,0.011553808722567472,0.012824676420669114,0.012444843902017128,0.01146081991849568,0.012375818727335872,0.011171784295614948,0.011640093813860893,0.010704011358715829,0.01439493845243457,0.010139661606250386,0.009376602681515623,0.011457327396433278,0.010055374380221886,0.011698380268535086,0.012705996861041055,0.012999539380301487,0.011495158170294971,0.009700670990152841,0.010280962277378316,0.010048109101960924,0.010371565846361397,0.013076587366130123,0.01309901034117829,0.013761967779322388,0.010472522075614497,0.012888463089653203,0.011938146892104779,0.014224921504692208,0.012480109410739761,0.016443877297223148,0.015556881508333422,0.017879526198856178,0.016373126824138048,0.019006560462335984,0.015894024500458993,0.014115207680422836,0.016370102917852725
6500,0.0002890864132938448,0.00034917747347069255,0.0009296451350133993,0.0015295631586118958,0.0018170398973464531,0.0024224767611123084,0.003165404839077265,0.0037289071001353623,0.0056042995305191825,0.005001635966077791,0.006151652095243463,0.007019026578890964,0.010758730350661843,0.010260630104775756,0.008467860568114287,0.008812923793867252,0.011327629879558737,0.008687106165888633,0.01204348389131936,0.013558497406103015,0.012425256936759293,0.010523447063036595,0.010666710149799016,0.007933057138418687,0.009228984918123675,0.011882008665977618,0.011663088605123979,0.008129120371080255,0.008810091673899524,0.012138728037000742,0.01053795654960306,0.0066548145094999225,0.01272020824835854,0.013762730513341254,0.010538634057270449,0.010482921603948812,0.011821242158480818,0.012537056303884821,0.013742577636737042,0.01387117367232604,0.011313974402133302,0.016359066393786703,0.015531711407947077,0.013767318205906008,0.015286129325019101,0.015080472480886663,0.01553688923144271,0.013237328111677321,0.017230891368371585
7000,0.00019762660850241462,0.0005071613986500069,0.0006449156902893574,0.0009779921028245867,0.0014650882595373216,0.0022670252677269003,0.0026802360752921114,0.0034038486769182945,0.003717861558360064,0.004752656367633396,0.006250364533004127,0.008769280706684136,0.009080067127059449,0.01220819207762945,0.010173730324584452,0.011439938429764882,0.012288687711280104,0.010180045575905997,0.011801957018249322,0.012632077157588783,0.01144314904999719,0.012952161955248533,0.008269469579886935,0.011291677008930603,0.011770386383133082,0.011916313471730517,0.014334019531166666,0.01172707793697454,0.0075077286008936915,0.00906056467629198,0.0106964052285153,0.009249321430738231,0.010486873644261768,0.011758094472682779,0.010764800296088572,0.010648011270310356,0.010869797771962827,0.012344644317226396,0.010105675616281496,0.01245410463852068,0.011759888406201156,0.008231937119391663,0.013527732578059662,0.013269483892539536,0.014113802680308775,0.012349830267923271,0.016541598025578468,0.012716568277531688,0.01632494951002628
7500,0.00011227703774953086,0.0003995141015817554,0.0005726907889061708,0.0010700028475294132,0.0014988096357972942,0.001833356523882804,0.0023079191488673658,0.0038072763924212223,0.004289418519121768,0.0048711899338761185,0.005996145949737899,0.007769404579829424,0.009017369317737292,0.008726389463342095,0.011695816519322992,0.011127130264119206,0.013703049458080818,0.01319246774507556,0.011488892723155016,0.010611909956598388,0.011905726134185673,0.012516355319462793,0.011174028349379984,0.010431246023190266,0.010293794208358588,0.010127653735069056,0.012033587943380131,0.008705181735997351,0.011274426637635351,0.010550522161123713,0.011166976822881475,0.012940173693417831,0.00922101912603739,0.01097861441382231,0.010654002728215628,0.010133088744583307,0.011222020029260085,0.011118991456177276,0.010640002191898168,0.011712082657130973,0.010555675540220731,0.011975848085298989,0.010856375366113807,0.011027323192942,0.014387155883895861,0.013351066306731614,0.014685668326759558,0.015085016110163748,0.01391466449112552
8000,6.079082267219559e-05,0.00037511743402566595,0.0006498832967428155,0.0006474836656416208,0.0015138277332041505,0.002273025789222038,0.0017705947598256405,0.0034541914863140087,0.004242477524241254,0.00366899076269977,0.006543443867913397,0.004464991177712434,0.007201890534828426,0.0080820303341411,0.00852703414082047,0.011747671551203208,0.010796077299268413,0.01009320370011765,0.013699377406609047,0.009822288198748017,0.010930227639749768,0.012965228721046964,0.011515394348642682,0.011652818590273957,0.010134221463129063,0.010509961872347352,0.007109103909923074,0.00922909764004575,0.011251565936973115,0.010933066591996828,0.009845345299786043,0.010483609899552207,0.009721469273203281,0.010941172355011132,0.010365937130343247,0.01001569931436906,0.009907700884513064,0.011841434723263529,0.011049772918931734,0.009662690771189773,0.012257570086183812,0.01186334850658654,0.012002462259177225,0.009344205086766548,0.01199901212264076,0.012179821870167501,0.01023217440339333,0.013714319586195201,0.012102692372131105
8500,0.00010939160430547934,0.00027436797007760177,0.0005581155879790183,0.0009351544718766732,0.0013032751927615398,0.0015469250859079188,0.0020631407005714127,0.0020289258298459667,0.0034597909309337354,0.004926358456773522,0.0042450287674581704,0.00627817674747604,0.0069560880263951855,0.007458612511540886,0.009112957363840721,0.008198947594610716,0.010820929217260853,0.010958869615429722,0.010585103602576293,0.012888967687326251,0.008767522845016513,0.010937128559024033,0.01202438557037938,0.008302490722282398,0.008346836609745225,0.00891141676757164,0.007510267047075432,0.008148056188163773,0.007952328689292444,0.008823606238153476,0.011529281133838876,0.01062766934027382,0.011824310324387133,0.009997649948822065,0.008240293675379533,0.009786755904376518,0.009272213699918487,0.009157751987973087,0.008604829902433223,0.007631298933079377,0.009101368809483002,0.01002859533690979,0.00991217739100041,0.01143819613749711,0.01038771566511612,0.00997418045044305,0.012429675502347094,0.008597797840129973,0.015421916075297833
9000,0.00011860463928679939,0.00038007534783550704,0.0006694557077675667,0.0008075517499337849,0.0009823543758550653,0.0013643097942075881,0.0016565023251453822,0.002739827630834613,0.0033620966858662984,0.00428833273715854,0.003882102305753108,0.006171407880934359,0.007577521598287799,0.006294240319615426,0.007599692667885541,0.008000645356299105,0.009616212849452653,0.008379973323663262,0.010827235562581316,0.008538578955573254,0.009378089024237857,0.012059002403431949,0.011549516556723628,0.008690104442412987,0.011390718779339545,0.010156534616572526,0.008895374280025676,0.01183926302554328,0.006868192886025803,0.009044198976052242,0.010721330717234655,0.008437711097819631,0.009879539154814017,0.01077798835684277,0.009669155502350995,0.010510210557511635,0.008715070657104064,0.009701247248128432,0.009355250787450088,0.009845810028329753,0.009987720908148336,0.007752804324886548,0.008562510556527889,0.011758783023352369,0.011609249249339764,0.009644084881111141,0.011154133483693663,0.011199551756234194,0.012858785320952705
9500,4.12300113164523e-05,0.0003200212683995842,0.0005404074672416173,0.0008737927576005198,0.0011306239407692308,0.001312375410930386,0.0020319042487798086,0.002436595469173076,0.0030237789955816115,0.0037025566512123255,0.004986260324089166,0.005015649946475858,0.0059847036285665565,0.008225115653568373,0.0075970783704760675,0.008749939294525881,0.011337779631460076,0.010667378169798531,0.010191694223859559,0.009330886772424312,0.011706836379494842,0.010680543468006292,0.00971488407925611,0.008545978519007574,0.009417917715129611,0.010382028752918321,0.00955767901657001,0.007081595564258394,0.009687420459733781,0.0071449495184160395,0.0100276930465152,0.008208629483712725,0.011562073524135836,0.009194282401513263,0.010624563972679064,0.009045710343811355,0.008651033157588318,0.010181946937238657,0.00661924892467225,0.008007935616119632,0.008925486663909422,0.011220870639924243,0.010620052475447391,0.008983726662504807,0.010446785063219851,0.009583627769945872,0.010160861039285825,0.010031693535514377,0.009037739871960873
10000,0.0001138462295837612,0.000214998156460141,0.0006595379963631829,0.0007719996434361553,0.0009138037223146231,0.0017252379910990547,0.0016949095820870902,0.0018286189579288837,0.0029785973581850896,0.0029861424635439777,0.0037418668380210986,0.004299515479261064,0.004547117277934152,0.005992215901458372,0.006992701984946638,0.011393500053103882,0.008129757494925628,0.010121001799874988,0.008776189217558683,0.010599431209945463,0.010104082341587169,0.009985309301854444,0.009131512928059034,0.011383845876562198,0.007557727793385448,0.010714028900769012,0.008140257589430861,0.00892662972398744,0.010491106219539525,0.00913443522511486,0.00976778404711002,0.01208118404302564,0.006795856882088521,0.009941788586471309,0.008319740473757005,0.010031688445758396,0.008238349294613475,0.007357513747997733,0.007116147335172474,0.008965345382976603,0.006752416564004761,0.011076032276153565,0.00957506008805423,0.00841958358878572,0.010891868614161505,0.008834019798490765,0.008964201968077363,0.009793752107853144,0.009360374449339903
10500,0.00010062346957618862,0.0002837684340734677,0.0004879112231042549,0.0008824434358251761,0.0008397010191871009,0.0014684252114178713,0.0017395822745945022,0.0024529686892124656,0.0025925498147779794,0.0025679895236833663,0.002539180768321202,0.00423827099064021,0.006023604633090758,0.004919570164459207,0.008613733101125964,0.0065168150856198285,0.007686646631183868,0.009531217049551352,0.0092665559220678,0.010497947892311564,0.008282267228583844,0.00862946986436064,0.009550402661427836,0.009681384982162946,0.008607713942391296,0.009678964908406902,0.009293349469329632,0.009103006791585098,0.008645415850586095,0.011415380974050085,0.00817866137433571,0.0072692616576239275,0.009066426181800737,0.0070023975246916665,0.008678804315945109,0.0076398155172166865,0.008531383707608642,0.008454039665908398,0.007975737674689343,0.009936370158877335,0.009677472104720027,0.007753153247516751,0.009423262891920168,0.010650866443685389,0.008787126599633627,0.008654894141665563,0.006923745106559441,0.008745323624555918,0.009071799756567064
11000,0.00011566515573558068,0.00028829711231405413,0.0005245980507455545,0.000693763355412128,0.001038783295302536,0.0014528401155199941,0.0014279573549244283,0.001467553739710635,0.0023141329317978333,0.0031459576152416736,0.003835860234241434,0.004233599927771207,0.004650922331982738,0.0058046840003382755,0.0062237567109115375,0.008454005190326698,0.00816698621431328,0.010295056568917136,0.009548698461390273,0.00824678397632502,0.006997677989507024,0.010770519433775758,0.008109900699385606,0.009507441402306816,0.010158288116643958,0.00930785105704906,0.009562386300475782,0.010165327434091471,0.007519332601454578,0.008383545538828613,0.00864818093290752,0.007015585504021716,0.008359224254136393,0.009531236591240264,0.010181376156357289,0.00787278739938369,0.006926907843302886,0.009111636469260637,0.007916595540160942,0.008023288371762638,0.010108905101762362,0.008037632842186766,0.009096148120328558,0.007126219229166245,0.008907071657028882,0.00791428379204571,0.00790468042092406,0.007248311221332361,0.009645857272430437
11500,9.384110533309007e-05,0.0002007750633336147,0.0005194534388785765,0.0007324177961028131,0.0010429163789824722,0.0015385881237495033,0.0014647074843059632,0.0017742874183459345,0.0028856189832642785,0.0030551287583884075,0.004368794114452483,0.0036735218064779694,0.004239516072122941,0.006989425357904017,0.005777207457956864,0.0067007552838352375,0.006976749958441605,0.008933768735145073,0.007627346855139329,0.009641638622674406,0.007838267777695841,0.008352176478751432,0.008886143581746633,0.008420422071547775,0.00980255636412416,0.008868709246801741,0.008730702902209788,0.010065162475315232,0.00993886370975988,0.009146686038285822,0.008759289410066685,0.008078752731312236,0.008739765444661407,0.008336290345058225,0.00798894759081784,0.01020717025486936,0.006629908319095575,0.009720077293102232,0.007025841339814912,0.008079417788885813,0.006672567824741355,0.007480231796999897,0.008421958430566841,0.007974222859559696,0.007268577333787688,0.008600522233344714,0.008567422483675226,0.009507914706444114,0.010407572363189668
12000,7.838241758603377e-05,0.00027254445350877735,0.0004519468861209831,0.0006033756895699072,0.0008618559753840831,0.0012417595800809224,0.001679334689245516,0.001711888555893382,0.0018494839363241134,0.0030279428983112713,0.0029114685837304598,0.0037956838202695673,0.004069217751626383,0.005920643899692025,0.0052988575117816255,0.00701441866884789,0.007510526361200844,0.008980860733886814,0.0081765143906706,0.006398996424588784,0.009253177117927057,0.00957920360861591,0.008955099058222919,0.009022620231865435,0.009533483654878765,0.01039791781574213,0.007642085554718084,0.009680952238415988,0.00662215135892844,0.009303835765713437,0.008740909218729187,0.008060658960687073,0.007749482911652556,0.007326152966704461,0.008730913485594094,0.007851354520596508,0.0056750719088550184,0.00897674787561545,0.006862812251865358,0.007106448885168095,0.0067305401945387065,0.006650475236215473,0.007237604597593746,0.00610925263114743,0.007237957016635687,0.007013466907631337,0.007362898758357234,0.008873181183050987,0.008172092050710228
12500,7.707482911239074e-05,0.00019732881561906223,0.0004056578228557219,0.0007167318574485411,0.0008750005848271405,0.001082913264883258,0.0014112970660287406,0.0016845707043656993,0.002716296941795032,0.0030342200834842163,0.003492381699178632,0.003987978661873334,0.0050701737907656915,0.005968423390079412,0.005430786283114891,0.008654990115105532,0.0069709676910946275,0.006552784801941907,0.007841839389412452,0.006369791028368246,0.008006372046255466,0.008257733628808975,0.0069564406332069135,0.009736964336797995,0.008953614141995712,0.008547981727823891,0.00800639350254589,0.008272152611005883,0.006742222024168629,0.006823305754212974,0.007310951449220878,0.0070984438454533,0.007296845884722184,0.00776200163119687,0.009760457502420428,0.005677210863477839,0.00686316944237916,0.0074096081109208106,0.006755728026777618,0.009187624913626909,0.008227670636075636,0.007536037381501511,0.007429741518811712,0.008545188939376388,0.008151448889729115,0.007414076001595991,0.007023203505122507,0.008204483867160068,0.008729621450050146
13000,5.7779845140485715e-05,0.00017969256392646126,0.0002839743757918103,0.00065833061361328,0.0008911904727634,0.0016722716521633443,0.0016710325798741333,0.001963414454478402,0.0023736098513615577,0.0026270176098029028,0.0022193174042540757,0.0033745585199178086,0.003608658348772086,0.005419829131067361,0.005538974380564831,0.005570050805693449,0.00698233832468846,0.007429197800004128,0.00671258219128648,0.007792450639664508,0.008163014263353138,0.008212276973926397,0.006181087475903816,0.007758861703036172,0.010849285635470838,0.008392188564986797,0.007971973344716733,0.008492986598230622,0.007672879451235414,0.008148994773753037,0.008361044762137147,0.00874072820687365,0.007385094929058142,0.008117981431356232,0.007752313048634784,0.006771239551777134,0.007497711560961429,0.005899978563223992,0.009899346106495142,0.007237889101026777,0.006694594238531738,0.006537191039485325,0.006426665584132379,0.008373424495856603,0.006997013547937722,0.007544927003522749,0.007139733391622814,0.0066356171394909794,0.008304648579316303
13500,5.609219340053006e-05,0.00021514531901247778,0.0003959433394833995,0.0005807443607964534,0.0008527420785333766,0.0009579768705290105,0.0016030567195927546,0.0014642244392356373,0.0021215478333855725,0.0024945214730770072,0.0030285911436745082,0.0035770043372066827,0.0034210987290479752,0.005561356898520826,0.006092436202148921,0.006893193871238961,0.00582902199749645,0.006385782702137253,0.00841317302224716,0.00889038395212741,0.00848432244137646,0.008543273305820883,0.007503608208271023,0.007879971334181666,0.007464152873450802,0.011090498794133511,0.007951990134322049,0.007508236647477465,0.00821163109032591,0.009178153633637156,0.008257936849185648,0.008711173353833696,0.008321815457405912,0.009876631809058055,0.010003042860078047,0.006786894208880313,0.008627608872976403,0.008049397000985984,0.006544475806183435,0.006254532339740983,0.0073228526016700084,0.007409170360316579,0.007463144484732388,0.007961334604036894,0.006967122603515684,0.006562414530426125,0.006737915055918506,0.00991157744089274,0.008811359557206125
14000,0.0001548773948160642,0.00014263219276328343,0.0003710963702206153,0.0006917374004114028,0.001018480148900054,0.0010924270195729216,0.0015148851179664319,0.0017390957224480746,0.0017668485920819704,0.00281765149355017,0.0022254337301623713,0.003889499536302455,0.0034301537685117868,0.004117006566845876,0.004958538737685148,0.006776841997542458,0.007665641319060717,0.007005019227787874,0.007809760238224319,0.00777446317984641,0.006861676521281479,0.00967794450735503,0.007658991968527997,0.00911653848929818,0.008125603774744704,0.008379357965325103,0.006844711100227414,0.007570936096738623,0.006873826385314177,0.008108816859929585,0.0074663721607827116,0.00805319602912736,0.0068428202390077054,0.006865240622894323,0.008757004221220607,0.008158321675087715,0.006648501120010426,0.007510526871978436,0.007561434477598155,0.00794155623717245,0.006751125639976757,0.0063627245496261685,0.005279628903170774,0.005592724190308454,0.007103963934654951,0.006701852447254526,0.008451051261699859,0.006531571239050342,0.008166949708808314
14500,7.823646917510015e-05,0.00016812935001659924,0.00036997538769528547,0.000531375439023385,0.0007824677163119578,0.000763671269568982,0.0011687924757592062,0.001416602402455271,0.00165336460622276,0.002640428110176281,0.0029571590366403253,0.0029148327818445813,0.0030778535923016138,0.004293569032096205,0.005573511438993269,0.006383584169027411,0.00547161018350312,0.006380987931261771,0.006757352357435031,0.008272041872731725,0.009860448846301849,0.007945959915801307,0.008559877285926075,0.009634125379618786,0.00879996269409346,0.008879738421364141,0.0089384362875998,0.008960906376149774,0.008594712949818386,0.008631668593455473,0.006066442707756759,0.006203487359303612,0.00742741950512955,0.00848751072075811,0.005610296581302686,0.007656582373229653,0.007729062679818476,0.007301813979695742,0.006755512751508104,0.00684776852485341,0.006382063452265569,0.00542680791919146,0.007776013633578853,0.00722398033521984,0.006632103619996488,0.006233909056059065,0.006748756370527387,0.006171187783964043,0.006981687893385192
15000,6.864755229972862e-05,0.0001668074151481375,0.0003046108737057927,0.0005061324004972138,0.0006163321661585666,0.0009993461266907572,0.0014836672639513976,0.0017539197729543065,0.0016716874970636013,0.002052179526097443,0.0023193321369047734,0.0029862271558058246,0.003490906343811592,0.004556373578711549,0.005302732146477377,0.0038426919494149924,0.006143919403292622,0.00821558154430951,0.006078433609212782,0.008412029582822542,0.006624072644107367,0.008125411390869171,0.007763372192124504,0.006539745583290589,0.008053093361337341,0.008030615015703204,0.009431147374172017,0.00871904114438601,0.00823416180243638,0.008288824756940469,0.009201982143094476,0.006415098127587869,0.006538882403614061,0.006068126935484611,0.007688542575518305,0.008535717451340923,0.008364232484324803,0.006801389922587634,0.0067738273396628764,0.006641429618216207,0.007288798869840242,0.006680483968521485,0.0064905684844509945,0.006887001600195768,0.007611304010531734,0.0063514389711281476,0.008051950557149202,0.008054502457513747,0.00811539035379994
15500,5.3292352524966227e-05,0.00016632542552968434,0.0003176736279990822,0.0005764168189682002,0.0007329741775855617,0.0009158471701790543,0.0013469505177880982,0.001504349421320056,0.0014221308613008464,0.0020653532427867337,0.0021618674098316396,0.0028059360724838585,0.002983695353037195,0.003324349738812116,0.004471648371475676,0.004366986394894188,0.006285902182131919,0.005925843370267358,0.008301231132039023,0.008671618045193235,0.006820656724454882,0.008641081485303254,0.006202530977358502,0.008514704929263333,0.010030240884678793,0.008356640018458004,0.007862007492033096,0.00842790941467865,0.007943358442867986,0.007322324896705718,0.008351673776528297,0.007587465963579958,0.007436023857394625,0.007283971880488832,0.007351529468407694,0.006172386595319367,0.006425993644167521,0.006073741835911777,0.007201120944020912,0.008073079446586228,0.00610478541934483,0.005808548802896647,0.006749422966190619,0.007348770643339279,0.006774051753867177,0.004874190675157779,0.006614765114494981,0.0059317579617470155,0.006090940637354407
16000,7.406899723435425e-05,0.00014890544618768314,0.0002978244225953398,0.0006271892570117866,0.0006012509347926517,0.0012584438129514578,0.0014160597755171057,0.0012981585686220431,0.001753347981024765,0.002097495776355788,0.0024430123924021547,0.002627231949541776,0.002613518410659963,0.0030060088272730262,0.004558259487709707,0.004004901424293567,0.004639718345097069,0.005558976347187061,0.007169472921541645,0.00674398660599449,0.007637821252283629,0.006955053952540355,0.005618809467970851,0.010340028386439333,0.00864325972173069,0.00892289208536293,0.008540007244455161,0.00735553355940091,0.006948218290635642,0.00859314786770613,0.007596182957729596,0.008672383088355629,0.0066518353838480974,0.008024532555092528,0.006977556044676004,0.007595379955936252,0.005495100481120943,0.005580716732531502,0.006773127505778021,0.008203800785798373,0.007844726172725101,0.006879562194955626,0.005135547771755917,0.006302625855384852,0.006601338616292184,0.00536904663104252,0.008092022979334168,0.007622505930896817,0.0065068087924796
16500,7.378192943935399e-05,0.00017298266308969493,0.0003461355192368326,0.0005419426511644367,0.0005479176434208349,0.0008453083709625819,0.0013514391232383953,0.001327539968585902,0.0015608962669723004,0.002008382355428264,0.0026197717895398596,0.00270546793254247,0.0035402056559151527,0.004324332763467132,0.0039000439068132735,0.005525659998361918,0.005041853003112405,0.004985804364895649,0.0052740960510359956,0.005795956092006694,0.006842880384469414,0.005394358475947191,0.007560909897426689,0.00807878781644609,0.006728722832073235,0.00568999196595409,0.008632657904568403,0.006377772532071489,0.007751092407129288,0.0076247836200495165,0.009012296516122979,0.008313903157357614,0.005116707552591271,0.008375196279562782,0.006795294119949792,0.007692736230397599,0.006454555807443102,0.004853294930564664,0.006181284468254711,0.005240757272365962,0.008289348143847642,0.0074954752628119065,0.004925030435004152,0.005916048349913021,0.005767113272213561,0.007039145147797215,0.006181664172730374,0.00530758691534815,0.005921306095565714
17000,9.857847812413901e-05,0.00016451481512511396,0.00033438069574684746,0.0004993096586525296,0.0006613605419749178,0.0010065546010083134,0.0009765211069886709,0.0014256562466854372,0.001821109095884035,0.0019396304499270593,0.001687915032113323,0.0024723441186526155,0.0029594892677094163,0.0029379083710104523,0.003992208891531801,0.0038487131337666034,0.0038730153181412313,0.00449807213570348,0.005736615699759719,0.006247933069843325,0.0070375299599125,0.006832848626121475,0.007001940283499442,0.0064849937264478815,0.008425669402294373,0.0072973261017490595,0.005934256491512973,0.006265898366552183,0.008605123727268295,0.0064038629894152205,0.008851573464848059,0.008723177525876206,0.006973609432028652,0.008590748367414146,0.006129113645105259,0.008198695988376652,0.005328958186831702,0.007943323786960377,0.007347279430858879,0.007132186150510857,0.005693477034194937,0.006362694552261821,0.005461686401778935,0.007193740469692516,0.005963228235323658,0.005401481827730716,0.006298525577727676,0.007874578488591672,0.006194191516225324
17500,4.636663557420508e-05,0.0001472164660857876,0.0003561876283231663,0.000360959130221145,0.0005834269995784098,0.000738656888403935,0.0011676346180689169,0.0013460900304030523,0.0015611361707702066,0.0016083165116656025,0.0026460138529749585,0.0024124645528631377,0.0025460714781849834,0.003595853036361228,0.004046972871920103,0.003824637735886389,0.004042756155447926,0.005745568886948762,0.00683264747215974,0.006252484598874982,0.006163108378584982,0.006758891508240059,0.008022365461269032,0.007063323115490123,0.007293892869493178,0.005072083721515854,0.006112777845811644,0.006607238802048752,0.008939213799123711,0.007070161707693099,0.008480800664767741,0.008724095427487581,0.008498216009132883,0.005803407278515385,0.005487467711803456,0.0075017321196640795,0.007905430305341141,0.0069800933892396645,0.007828254032557712,0.006136388247053475,0.007499243090973103,0.007841290441134128,0.00689707015522011,0.005867916632104686,0.005883378740558637,0.0066106760219904375,0.006369541193035465,0.007113659381777847,0.007359647744665343
18000,3.823776658737664e-05,0.00018171055067105261,0.0003839525346371973,0.0005018486587416612,0.0007686608459550152,0.0008946828468192423,0.0009279867091654748,0.001560014234815293,0.0014677569034595335,0.001558916716564721,0.00179568009649169,0.003216068283870314,0.0024805329665504045,0.003277607133293966,0.0036532606904455638,0.003567011721734939,0.0040101345934074745,0.005652319944726426,0.005103478242156844,0.007206350232412537,0.005252988373191039,0.006279218241832471,0.006777154125634272,0.007073375333850848,0.0066125541183375755,0.007263211955499432,0.007880571185297473,0.008247926291135165,0.008390814836358168,0.006632456167206579,0.007594366762675009,0.006856959922908776,0.008951771528565845,0.0063540767196352535,0.006953623234139742,0.006527197270964929,0.006348594552256692,0.006855739728764009,0.00734839227033856,0.0051699384557630425,0.0042536031323522315,0.007026969507195237,0.007117724429975905,0.005220535355038604,0.007371306728416748,0.00579477287587454,0.007403820711613826,0.0058832684978160806,0.006787615368414186
18500,4.5055163229524354e-05,0.00019511431137832054,0.00028341930043950404,0.0004326613946624275,0.0005470181486412983,0.0006333048611316858,0.001013312547417223,0.0012672957417638798,0.0016395925424974038,0.001605781363926278,0.002088567878504888,0.002957104348697186,0.0029536703561398327,0.0035759575632928696,0.002949001043452357,0.0033682507079687662,0.004211712885229748,0.0040873273026478555,0.0048323527070022075,0.007816037699683115,0.006573285640018016,0.00877131874103904,0.00789356561638341,0.007985978614139395,0.0048115003210614325,0.006765635228399148,0.006199847876081503,0.00956154323888151,0.007642554502951915,0.00885281566415447,0.006374373142494159,0.006627716536941543,0.0054907274770923465,0.005987448109109588,0.00737516164127166,0.005582569102771071,0.005440914847734091,0.005333845571826122,0.005697886013699631,0.005177614401096755,0.005764603312357585,0.0068965435827263236,0.006037672216426656,0.006742143047869517,0.006363930280247787,0.006019404748479904,0.0062646074802990915,0.005634796374724833,0.006862704420051167
19000,5.640624437191832e-05,0.00014928781481517723,0.0002541431406195791,0.0003790414912752788,0.0006877251359296442,0.0009432492302488744,0.001012338289503125,0.0013447470093156451,0.0014971553211350194,0.0014802500020503998,0.002213445671428083,0.0021571548936077226,0.002885380185735162,0.0025684875714082505,0.003100833074802495,0.004203436387353274,0.003740184632506371,0.0062188691003176215,0.0062335237568915194,0.0055350279505870835,0.007372417145923771,0.005861079415467918,0.005130272266059726,0.005654593426369255,0.0073607779831215536,0.007931423906374498,0.007166265561750164,0.008786070998575127,0.008284496790167156,0.0062942842887058785,0.008679388241523762,0.008621835993355012,0.006139953937759642,0.007114231503828702,0.007481986851711669,0.005995874274949173,0.00597542033102883,0.006389027648955866,0.0068375695747628995,0.008758293688257519,0.007397065423868719,0.006907008637944424,0.006080703889723952,0.006631885222766545,0.005672373441061109,0.006192884269629796,0.005906096673877268,0.007227055278896552,0.005130665306445108
19500,6.317865801706496e-05,0.00013916642832683456,0.00021269687295217115,0.00043738382360991633,0.0004876680236388443,0.0006245247332493771,0.0010898366278215708,0.001173152178519316,0.000921406405702762,0.001733348911535683,0.0017785790753532952,0.0018289788850384345,0.0026842479539726234,0.0031493794021451877,0.0036025424685119305,0.0035184530638061665,0.005189355068979303,0.0046055809520093,0.005258306331450667,0.007112111234884892,0.006526299298501008,0.006347411512598513,0.005400346593156874,0.00782203921384565,0.009028033109540697,0.00728749189880628,0.00696522950647171,0.0066753121903151275,0.006519478219806421,0.007788002842947606,0.007248649472022568,0.0069602579053363554,0.006892657231758998,0.00556662974900577,0.006331413589431142,0.007423417391820873,0.007549140208761658,0.006680909537081822,0.005221814860395313,0.006331923597636903,0.004918167073941318,0.005337914521156433,0.006970577633167421,0.005355660235386529,0.006602358295166495,0.007213590966651614,0.006475659676704293,0.005099301038764867,0.006656438914234028
