N,Unnamed: 0,Unnamed: 0.1,Unnamed: 0.1.1,Unnamed: 0.1.1.1,2_bins,3_bins,4_bins,5_bins,6_bins,7_bins,8_bins,9_bins,10_bins,11_bins,12_bins,13_bins,14_bins,15_bins,16_bins,17_bins,18_bins,19_bins,20_bins,21_bins,22_bins,23_bins,24_bins,25_bins,26_bins,27_bins,28_bins,29_bins,30_bins,31_bins,32_bins,33_bins,34_bins,35_bins,36_bins,37_bins,38_bins,39_bins,40_bins,41_bins,42_bins,43_bins,44_bins,45_bins,46_bins,47_bins,48_bins,49_bins,50_bins
500,0,0,0,0,0.0021328238368839,0.0134814128951401,0.0413211509917264,0.09947598548476,0.2231292986369207,0.3904444594497862,0.6041429487221813,0.8312366283500211,1.0581448147443089,1.2881623043395272,1.4653738788564927,1.6549144892175556,1.8059286687444744,1.91719494019966,2.0168879631680343,2.093834003045365,2.136368849850057,2.1853828530557946,2.194767335529788,2.198977192890246,2.1825583323608693,2.1925369642043173,2.1479112360264634,2.1234283064264377,2.0741500804893467,2.021208738311828,1.9968113980797424,1.9398421990069736,1.870621716409675,1.8457621449145587,1.760784837041122,1.681276518892565,1.641043816525399,1.5710730017819197,1.488102435110864,1.4164726784720094,1.3484379862384157,1.2913552740318532,1.215679307254983,1.143580803426111,1.083665314587977,1.004625207650286,0.9545033965466454,0.8707254437662456,0.7984316133037145,0.7317845928335447,0.6601669038258329,0.6025897164879582,0.528368117478515
1000,1,1,1,1,0.0006485926719657,0.0062341567216876,0.0208452420725112,0.0482475299983677,0.0934100012172336,0.1760661497313661,0.2994497918343177,0.4485071860018219,0.6368663232763596,0.821099232730372,1.0164721071673737,1.2087780979547047,1.4016250507682817,1.572343769173869,1.725618759659159,1.8867791638615847,2.01414260402117,2.132806900683617,2.2259418549503134,2.3247982098028883,2.3939760972272563,2.450742155316033,2.5202121263964803,2.55682863942736,2.591630186516797,2.6139642263772163,2.638345773572953,2.634116134198646,2.6441699661371003,2.641917528189984,2.6127310884372297,2.605803251420757,2.590425452411297,2.578905113957097,2.5470642466979294,2.520941875087128,2.492395346824041,2.457443420454985,2.407796527869252,2.3866648146396567,2.3329290775252263,2.303836411030625,2.261113292277065,2.210480919724197,2.17338180294543,2.1197567542741256,2.0785661309968235,2.049183068798908,2.0007726579437946
1500,2,2,2,2,0.0002676403332363,0.0044000927610861,0.0132277622686439,0.032263417404955,0.0625837314425813,0.1127386158373913,0.1823503680398242,0.2990438547594101,0.427507450303239,0.5740244123348007,0.7498995708691185,0.9243388357412654,1.0973320193163054,1.2747793611824234,1.439078053106133,1.6066222479911965,1.755081937645241,1.8945519677942035,2.0345733222528737,2.1558821119512923,2.265304563383416,2.3591331236732405,2.4482136797082523,2.538402014744781,2.594225606418297,2.664598624899988,2.715249756949272,2.764161383412085,2.810093328175513,2.8262742793353057,2.860524486865668,2.879080906290918,2.8962094112779044,2.9102873899123947,2.915748953227668,2.9228308324742205,2.892115848606564,2.8959751567968226,2.8947280663218846,2.864867000395327,2.865286256290379,2.830724144599377,2.822759332526429,2.808578868340016,2.774255999583841,2.750135377661124,2.7231412258133525,2.6891832992152875,2.668921447896493
2000,3,3,3,3,0.0003141915857762,0.002881285763526,0.0100786250150372,0.0237226734143434,0.0461706857740315,0.0803449838348152,0.1374213611332485,0.2166034420012951,0.308615446276941,0.4363892769416578,0.5784744343922212,0.733406202175608,0.8986229988986558,1.0571593982636194,1.2153075522868877,1.3815096162415907,1.530840519388179,1.679467333513385,1.822871147534844,1.961190198995026,2.080865263730738,2.1922569954414644,2.29804273662494,2.410881379161333,2.499761203701823,2.586701887901368,2.663887323516048,2.7278293693554003,2.78788082058978,2.846974931680806,2.89736127579422,2.938586894593912,2.968126665498039,3.013432701306779,3.0325161012239006,3.055576459032973,3.071102853744146,3.08427742368363,3.1032208402946275,3.096343826399587,3.0992272174861784,3.1073921627678494,3.103298929700653,3.0890575794733706,3.079431962976574,3.079494237310411,3.060391135757389,3.053859661645289,3.039117274365132
2500,4,4,4,4,0.0003124319676764,0.0023227276141712,0.0075255549248893,0.0189273817456168,0.0363248417502298,0.0652695304015197,0.1037824266925221,0.1613168305030219,0.2462594617206474,0.3387550633691064,0.4601001695462686,0.5986187827477939,0.7442572679331895,0.8922036800779872,1.050237984401304,1.1985052343877598,1.3487749678774417,1.5062676515719091,1.643437202282164,1.7752132089020976,1.909477124270392,2.032170623923282,2.147502081638144,2.2614380453305207,2.3657629998365635,2.463119613665144,2.5566579061720858,2.634156542020248,2.705459466670203,2.7771678187487114,2.8449283930873626,2.906966775177793,2.951014061149034,3.009451760322919,3.055114836832212,3.0914045930200675,3.116693371507879,3.1550664035362592,3.187693625335734,3.196532000739578,3.216128275514895,3.226687201025201,3.245247476322424,3.2509870358998043,3.255830169953245,3.2608448296881374,3.2529217732069884,3.2526994888655043,3.242508711557473
3000,5,5,5,5,0.0001910109815995,0.0019077379780929,0.0064983632509988,0.0156858960455404,0.0299064707965033,0.0537287831094255,0.0852424680114642,0.1342036488215945,0.2000785072400516,0.2861854816492585,0.3837579343981134,0.5010669862765234,0.6315318224573427,0.7702702774155235,0.9128868468486512,1.061046994594381,1.2024365253006577,1.3471452958976244,1.4838225004117844,1.624682643398109,1.7629843449107028,1.8830523382305595,2.0100978446194047,2.1207724224038897,2.2270952956186543,2.3417410946774924,2.437660099837576,2.525596989450469,2.6131807243913565,2.693763894073399,2.7695546253300765,2.8470905749301108,2.9081989115244484,2.9649805989197207,3.016767029970107,3.0652911807302203,3.1125897542032592,3.157326991398528,3.1927403848456524,3.226447583609195,3.2533254173612085,3.283529920530849,3.308292088802085,3.324895669962678,3.3419520099319,3.3538913194131568,3.357233832190896,3.370900980827785,3.374630127317433
3500,6,6,6,6,0.0001667263201304,0.0016531657937516,0.0056529500168818,0.013631941202951,0.0262180116851349,0.0454941449471072,0.0732807253782512,0.1118761120781981,0.163054929259657,0.2353939842284404,0.3190192668937187,0.4240072457048546,0.5421675784004664,0.6726337742248418,0.8029667483091238,0.939171939559308,1.0780572037925826,1.2182193114008262,1.3575081951162578,1.49767126243335,1.6269764151628905,1.7515741001978375,1.8765141728799704,1.9964629543965624,2.113606306871949,2.2192149122671787,2.3164198252977752,2.422550594804415,2.5140998725559114,2.6043655447858365,2.690825198694524,2.7625166459571275,2.834937057282948,2.8993823214569066,2.9661069797643265,3.0274500842822647,3.0833647423464456,3.124925751577854,3.1822161973633247,3.2183058747172644,3.2553540499250406,3.2891403080928634,3.3167705942306607,3.35198147019657,3.3815017909502307,3.396816660235136,3.417150252174745,3.434886904192693,3.442725210193395
4000,7,7,7,7,0.0001003622251268,0.0016393282591923,0.004854459259117,0.0111447934464862,0.0221400889775128,0.0400807086169527,0.0622054593337286,0.0964606747576237,0.142865635149903,0.2015064533321262,0.2798437915305697,0.368018657849182,0.4737980977514041,0.5925013379227511,0.7144779857963286,0.8478686658563511,0.9801738187173944,1.1176101036146298,1.2488797659947883,1.3813612869980014,1.5111634863151109,1.6401324479524106,1.7614649096990476,1.881537248061657,2.000543370335065,2.1140115667791344,2.215939388183576,2.318055400141756,2.409741638016074,2.5097210416469027,2.5954570905058447,2.67895474400008,2.755475922596996,2.829249192754679,2.8984856102081995,2.963549565564246,3.024397114641203,3.0829908312914056,3.137255969126133,3.1885158029672422,3.242117496036235,3.2715107234730545,3.313071452266233,3.352158057586791,3.38375594158214,3.4083474542702734,3.439298332155421,3.471930154875272,3.481762131667418
4500,8,8,8,8,0.0001469783601362,0.0012736565419271,0.0043754139973692,0.0107253274611582,0.020788461892837,0.0354010924154281,0.0559971396240815,0.08551435650522,0.1251559105587903,0.1742971362465085,0.2390810431676142,0.3237803425198817,0.4200533379839999,0.5295587913609273,0.6451832499743606,0.7645549045602861,0.8879263932602901,1.025653201763585,1.1509144655901042,1.2813343155702404,1.4072797126800698,1.5360526081997046,1.6589298244386337,1.779597188309313,1.8975793815319413,2.004339844394982,2.1152154590881085,2.215620598843387,2.3217134551593954,2.416104533928485,2.500204657908775,2.593652498257123,2.675691657286396,2.7587623715605365,2.8297357550680147,2.9016130805588443,2.9659983688296254,3.0262792876056497,3.086287081636961,3.1465305254686684,3.187606750904472,3.247676235505959,3.286857496459791,3.3279586703458603,3.3658488026696327,3.4032164796170026,3.4363792600163388,3.467386365409456,3.500523532513857
5000,9,9,9,9,0.0001307400156724,0.0013076515465348,0.0039315562820281,0.0092020943884595,0.0174419863349026,0.0308639962700265,0.0501835572103162,0.0770565987992698,0.112631373633239,0.1547361811595085,0.2146252924639511,0.2878853510139739,0.3775503314517203,0.4725099936980119,0.5818667490810286,0.699732968786433,0.8192437271875277,0.9445957316838312,1.0647354760675154,1.197008103240999,1.3184849975298971,1.441813735463426,1.566852448020554,1.686404332282347,1.8027698946784048,1.915024131090476,2.0235053107728875,2.127137881540073,2.2337598959937366,2.3319968859606552,2.424293835754053,2.509317893792209,2.597229585255552,2.679872696498016,2.75720060905506,2.829045713270811,2.902990408853691,2.972799235666065,3.031438706316831,3.0962003185793856,3.150442203462103,3.204593088928198,3.255434353626964,3.3029381898868446,3.3431092031185994,3.3865948735218145,3.431216843091569,3.4611091969604657,3.490992235867154
5500,10,10,10,10,0.0001279424856488,0.001192885100968,0.0035609549105361,0.0080330538735723,0.016833883970479,0.028251163193386,0.0466597809884498,0.0702303574382021,0.101188897536719,0.142450402713062,0.1953021699973676,0.2588212847133408,0.3366964583679088,0.4295978954574501,0.5300334668052252,0.6360400933331085,0.7495278325834687,0.8691454355430998,0.9904692087676246,1.1152986803143432,1.2375102010517711,1.3609054802668146,1.4805847440072577,1.5995914494279158,1.7117277502532129,1.823686912352652,1.9359116780807168,2.0436499138270205,2.1462690275737413,2.2467779503770675,2.3413053935158614,2.427582778938928,2.5204870055573787,2.6041205058239765,2.686496361573444,2.7649691605533424,2.836272403730702,2.9083722620399546,2.9756889949100778,3.03815430404586,3.10042863174881,3.15955791430256,3.212327858447563,3.2629097933989257,3.304626898253061,3.355899826006936,3.398576477780656,3.4394496023022483,3.4817469123860767
6000,11,11,11,11,7.2391041842416e-05,0.0009319016194706,0.0033571811821019,0.0073221851772127,0.0154932311369326,0.0261679065101356,0.0420039925326266,0.0633557583844388,0.0919445733054729,0.1296541522865555,0.1763136343015762,0.2338879504428143,0.3096529601293493,0.3917628684222662,0.4820074746971104,0.5870593126672643,0.694334824322889,0.81076682557773,0.9258760565383496,1.0465554489011029,1.1687970085078323,1.28399303186409,1.4072356491603857,1.5218106088041112,1.637678710834052,1.746425266478798,1.8575612606124816,1.9605960649942111,2.0673464142292657,2.1661489981780315,2.2632235662119813,2.3529531160407573,2.4468820479334523,2.532154469478623,2.617403192999068,2.695358932878704,2.771821891150824,2.845749420379823,2.913670423097626,2.988068462157699,3.046803280346273,3.1052063605439506,3.1641482702325936,3.2187228462501616,3.276554759945403,3.323359224160292,3.3709781352415447,3.416540836402793,3.45438879024288
6500,12,12,12,12,0.0002003467894586,0.0009094325504917,0.0031157246651927,0.0068297377704625,0.0139018151980635,0.0241725872299952,0.0386925876917382,0.0586158464096429,0.0851009777792919,0.1177732526800258,0.1579493759001309,0.2131844306537071,0.2800549282910902,0.3617160189155696,0.4441742038087573,0.541900268152192,0.6445743930762056,0.7549916174924842,0.8711522187567039,0.9837358388122176,1.102579594273812,1.2147825945134214,1.3326580623371,1.4483686829669602,1.5611484799834547,1.6723144642099828,1.783875783285584,1.8882395072332403,1.991994289445124,2.09360996977934,2.190118211189462,2.2848695114566064,2.376616431357545,2.465200384333272,2.5499489565440183,2.6293375725094896,2.712652664871233,2.7864444382287985,2.8575931294270265,2.9253757920699663,2.993244914207457,3.0598470798925868,3.1210610212236776,3.1798123230353563,3.226466792259905,3.283669671159753,3.335785773112695,3.3793911099153378,3.4230635938652627
7000,13,13,13,13,0.0001486035510898,0.0009541829996435,0.0026387145007418,0.0064788085738616,0.0129465671820502,0.0223740883391946,0.036634386380342,0.0546942562754466,0.0780751352253492,0.1092264752845953,0.1482736072427065,0.1994774368383681,0.26268421906065,0.3310675927399606,0.4115566076698624,0.5040066561425478,0.601701088904851,0.7047852918659883,0.8160501141357542,0.927686312890138,1.0394641476420423,1.1540485072247997,1.2667400058232523,1.3847655839992623,1.4945853920994876,1.602350537014351,1.712879912971644,1.8181630870191023,1.9233947454827915,2.0248816001822414,2.123426092383342,2.2174973844502475,2.309102742525216,2.399379348558303,2.4868518332986285,2.5673770260480446,2.646562097016969,2.7271184089642286,2.801601969785527,2.875075123726348,2.939871621551564,3.0054394569994085,3.070623140714385,3.127465651036353,3.186998049235848,3.24214125256456,3.289626731041134,3.3462325675938462,3.3926636533216787
7500,14,14,14,14,9.23362629112745e-05,0.000710051902373,0.0025421136744221,0.0064472986631519,0.0121010378452578,0.0205673920517822,0.0333563896602853,0.0509213132242529,0.0731400041117638,0.101546973875812,0.1363075690932721,0.1814348886901653,0.2387864834999503,0.3073755069501996,0.3807547264714804,0.4656762461969335,0.5646119875290398,0.6617542083096927,0.7689188759577807,0.8757852210461898,0.9849396951443948,1.0984133211972733,1.2114726094535435,1.3219007712512048,1.4335578606381825,1.5430278161357112,1.6500659771002308,1.7565696642756596,1.858726454011234,1.959326430635432,2.059524480605825,2.153024058812988,2.2457071174622003,2.334571052720085,2.420704349028434,2.5080691822648418,2.5884033067975336,2.667589921805243,2.742389309429749,2.816302985600069,2.8838281641517898,2.957280008118671,3.019655291777525,3.0808582921687298,3.14262366776411,3.198323028360007,3.254895397115527,3.311863468843748,3.359260382810578
8000,15,15,15,15,4.678224864754406e-05,0.0006757388920219,0.0023874931218206,0.0057218347609062,0.0117205203255832,0.0198421419520162,0.0310306905452633,0.0462707226237945,0.0686300132986134,0.0950487613103882,0.1269065289343807,0.1698630709207922,0.2205705624115633,0.2850566250107492,0.3559384418279149,0.4379923593007341,0.5293522943414849,0.620745726544207,0.7238520877345933,0.8300156412165146,0.9365704807010852,1.0452542322265583,1.1551127666172492,1.2642409139106126,1.375806516608109,1.4855034960238298,1.591915721157523,1.6954763012999094,1.7977415310516511,1.899738637783566,1.997038713841326,2.092982597917917,2.187352781619101,2.2779656778058173,2.3635937805440133,2.4504615474246383,2.5350201353397344,2.611635480009687,2.6906465597320053,2.7648055021242888,2.834759373313702,2.9035300091421883,2.9731604678545365,3.032703906165968,3.098028119618564,3.154761522498383,3.216839085272773,3.269527011041601,3.317446180477623
8500,16,16,16,16,8.977399311197084e-05,0.0006472496448316,0.0024110996138515,0.0054093673655388,0.0105367287428815,0.0189398951426203,0.0292456915351281,0.0437831810823669,0.0642602661758174,0.0890506691768508,0.119741138559461,0.1589602148225284,0.2083091794780664,0.2653176443939576,0.3324722229855126,0.4101623443884928,0.4961615831451885,0.5863840846806128,0.6867016649659344,0.7884145785046438,0.8931380918497106,0.9985197033036314,1.1059053049225902,1.213235830271412,1.323235738880851,1.4301527674592156,1.5335290143662406,1.6388050209493872,1.7405162487032235,1.843157047508844,1.940159775039972,2.0358087090786543,2.128395957611968,2.220511745972955,2.3081283487700888,2.3943681915700616,2.4786408922901275,2.5595070376159126,2.636027066875805,2.7093632902752613,2.7890713156781533,2.8537409135975498,2.923297608241365,2.98981354127302,3.0512393404723315,3.114910872066108,3.170971711668861,3.228694430779022,3.2766884730074963
9000,17,17,17,17,8.281607101476852e-05,0.0007511005777632,0.0023301198805618,0.0052120580138558,0.009966665262112,0.0175377026971861,0.0275661694386589,0.0433450634765347,0.0602818462730291,0.0837673448283927,0.1139189495025036,0.1485869944880163,0.1947258100429056,0.2493318030972155,0.3128594235102498,0.3867384030823537,0.468290807446683,0.5568314652774367,0.6491939305469869,0.7481857671944812,0.8506173704805006,0.9535427520092208,1.0623786240973134,1.1641907682280137,1.2693477663414394,1.3790463403704285,1.483570068774939,1.5857580638353626,1.6860698036179869,1.7865255828514628,1.887210765723959,1.9807781671023783,2.077081596689448,2.162390158785291,2.2567235010553817,2.3404676024250834,2.423966226107908,2.504445359050857,2.5848455169124867,2.6612979928733287,2.7356972576169545,2.807617136002261,2.877447302257883,2.9450250743943016,3.00492327146598,3.0690933395640783,3.130043398948264,3.1885313268943563,3.245126597944384
9500,18,18,18,18,3.773652647811599e-05,0.0005912907765925,0.0019051329813486,0.0050155781883447,0.0094845036098882,0.0163073109244225,0.0261149935210397,0.0393998682780496,0.0569166508186068,0.0794690740742814,0.1063222178609064,0.1412878621564915,0.1838198978740043,0.2330559675986825,0.2945938683350601,0.3654182111861493,0.441801393114806,0.5254371972859264,0.6190127383764248,0.7115512517385771,0.8109132695310424,0.9146203131390857,1.0179513810703922,1.1202534177274592,1.2265891674573617,1.3321480211103505,1.4329420567176898,1.5374722509694398,1.6356723978018834,1.7364929636286566,1.832326523244746,1.9308520391948567,2.021278701480122,2.112754930093612,2.202748924287463,2.289782517616428,2.375271334494464,2.4577813469167564,2.5351361335810387,2.6130693490534025,2.687388474482691,2.759026826463989,2.828887786164051,2.8978083203967904,2.9649238758089784,3.0295715483191,3.088186693073632,3.1487834577657576,3.203958923999554
10000,19,19,19,19,8.05544588903547e-05,0.000595394355513,0.0019120419122849,0.0046461961069642,0.0090766677662874,0.0159503521935734,0.0252016551973088,0.0372586499952871,0.05362566017418,0.0743597145301448,0.1013047270422124,0.1346723254458603,0.1719817542588049,0.2212514987559502,0.2793143786510456,0.3426520713027963,0.4168166877362616,0.4971883843335628,0.5876251249786131,0.6782745360882513,0.7784981869833102,0.874265967223221,0.9752045897774754,1.078231655533788,1.1799436804569712,1.286861617660931,1.387813350832028,1.487334616824437,1.5891406288820478,1.6872098775784523,1.7850228337339955,1.877798689362827,1.974334785668474,2.064313086046973,2.1533812347733488,2.237494015067234,2.324629962280281,2.408269713520419,2.4847654423267342,2.5630662215563644,2.642167376353199,2.713453476440484,2.7844144634183148,2.857352483603788,2.91963603993773,2.9879963504299183,3.0462975323073564,3.109419867800253,3.166261312323292
10500,20,20,20,20,6.062099746415583e-05,0.0005279307380049,0.0017050856623652,0.0047320921733093,0.0086453739958349,0.014689105974866,0.0242476153576899,0.0361443315074144,0.0518076571624981,0.0709054906461861,0.0963426828807544,0.126957393447762,0.1624833562267089,0.2080521156188159,0.2625253500375396,0.3266577610645979,0.3962452287391236,0.4757959073813225,0.5593935941552196,0.6496463916560622,0.743296528478314,0.8409930045770818,0.93901788139139,1.0413928375713464,1.14235491483664,1.2421701877780835,1.3450127502088618,1.4449368738147,1.5455094115822956,1.6398025966380956,1.7364941854405846,1.8339588360439607,1.925595560451656,2.0181708170818933,2.1038329465830925,2.191967500827389,2.2773885501985083,2.3604489719720205,2.438928466193625,2.520197311789267,2.595653522775771,2.669375951341263,2.740724022367251,2.8119313870779563,2.8803820069472925,2.945904867667272,3.00689408770298,3.070775708409451,3.130945655763252
11000,21,21,21,21,8.31417267588878e-05,0.0005587199310678,0.0018506119689882,0.0040655739639766,0.0084488795079776,0.0142291296424998,0.0229667851379301,0.0341999827815148,0.0481778422159698,0.0674205452464443,0.0916459596435998,0.1202195445786807,0.1551355000870339,0.1987122292256326,0.2506213561224139,0.3104134658148985,0.3794931697328208,0.4515558924026249,0.5319898837374308,0.6192624703882685,0.7108678691974842,0.8067815216999482,0.9031922292884004,1.0007123981246977,1.101288944070265,1.2039538615750165,1.2999688683105488,1.4022185743661637,1.499414570471083,1.598637054319678,1.693020893455603,1.7863030106464115,1.8804513145652928,1.974854106751016,2.0577611423571724,2.148628586502064,2.2339579307309303,2.3141593541828507,2.397185297257165,2.473992055849065,2.553290847328839,2.626871965901721,2.698236858660721,2.7691033535149487,2.8409441483825657,2.90797808827953,2.968582543769139,3.032264792640488,3.0884293285713933
11500,22,22,22,22,6.774862406445277e-05,0.0004943990186564,0.0017278003215316,0.0040281499074862,0.0076547142820382,0.0137287978444525,0.0218714077247581,0.0332191839211682,0.0462050406212336,0.06398188604603,0.0867576177758315,0.1155648512909709,0.14863230804611,0.1886301069994197,0.2372534179984851,0.2956545834345322,0.3598134390490008,0.4310241950219804,0.5122568541621783,0.5950891856476481,0.6811641467695692,0.7749144449221246,0.8695933355360325,0.9659680197708328,1.0638254656841748,1.165591969533122,1.264566075456599,1.3608426382427576,1.4577795202860624,1.5562339956735225,1.6524193126116846,1.7447677704502742,1.8365009636982568,1.9292655790132176,2.015562642560861,2.1060076926537814,2.1886924962398853,2.27237726144116,2.3522037822468804,2.4323594764249354,2.5102962084220484,2.5858990707802927,2.656211656645547,2.730055470869056,2.799991444730468,2.8666907960770214,2.929948447342161,2.995455240939444,3.056877072722081
12000,23,23,23,23,7.167414377650487e-05,0.0004541079254957,0.0016220314007754,0.0035831569582199,0.0077838250479091,0.0130044494107544,0.0213242415806366,0.0307516451495779,0.0450247762276918,0.0607127305375825,0.0816999446644183,0.1100594896006184,0.1421119780756179,0.182656933262105,0.2251393944439615,0.280149205938432,0.3452646629839249,0.4117053423191832,0.4883796976090718,0.5705712027631049,0.654777046677017,0.7478464838452895,0.8402968236352633,0.933096940376758,1.0301175303696728,1.129166191052672,1.22562139316626,1.326061129274359,1.421497052989555,1.5140665773471549,1.611005252412757,1.7055103749156864,1.7953568516942495,1.887814107735145,1.9751970971204404,2.0601934502185406,2.147135204720656,2.230507249418733,2.310746308325176,2.3914713770275973,2.467943943495114,2.547728460623852,2.6178045584138827,2.6873898007573285,2.758732023745889,2.8263471454853346,2.892858269346952,2.956048136983676,3.019351196088302
12500,24,24,24,24,6.425696483232101e-05,0.0004082075826012,0.0015107389691634,0.0037340469985297,0.0070512694808586,0.0122434890395391,0.0200880353740142,0.0304137704240093,0.0433615719588787,0.0601875261039708,0.0798314085685069,0.1042188494622609,0.1349965888536147,0.1726928698451277,0.2159899035115368,0.2685127595858176,0.3269306395766468,0.3933776587924139,0.4692224502467211,0.5466414501669851,0.6315852279516619,0.7175899547166641,0.810060928527203,0.9061358394799314,0.9984695804728292,1.0940208599305623,1.1904940507925086,1.2865139391525635,1.3824792567202764,1.4789194064511118,1.5738355053403563,1.6661909975185245,1.7568832578416498,1.8476201309425249,1.9341729503608207,2.020517921709304,2.108190001077354,2.19011141572524,2.271712748764432,2.3504022432668075,2.4296577476626173,2.503127327705556,2.579608868317214,2.652633285248512,2.721220526063533,2.791490164458033,2.8553819458973826,2.9197077011772725,2.983454943852044
13000,25,25,25,25,4.498038838463003e-05,0.0004491502164578,0.0014639207375111,0.0036707268446845,0.0069290358158917,0.0122149599721637,0.0194334220326049,0.0284770785889298,0.0407870981440327,0.0563899958164323,0.0762458483311651,0.1002844090377631,0.1302413922277709,0.1640730304636336,0.207242128088183,0.2579082666581896,0.3125411186767162,0.3776116144552544,0.449126331828258,0.5258490153254148,0.6094793089393356,0.6959388266529731,0.7806650519973949,0.8756161861402495,0.9690855430463426,1.0616136458750447,1.1577462400437866,1.2543018549399716,1.34646062716507,1.4423385162550308,1.5354930601882233,1.6285027906454497,1.7202970468248282,1.808422897351924,1.8971722473205368,1.984051620577769,2.0672345359573465,2.1496320849356096,2.2332955290609724,2.312953521698867,2.3884852081206627,2.4667290128416983,2.54107630853754,2.612528197896698,2.6833583535542065,2.753788764494097,2.820816028661321,2.884583379968084,2.9494846553201564
13500,26,26,26,26,4.629332854969951e-05,0.0004446234737574,0.0014817596737296,0.0032133683014446,0.0065764268577534,0.0114962601161122,0.0180783595145418,0.0280661256787609,0.0398847655870874,0.0539396193556077,0.0733542072032047,0.0954071524772635,0.1243712357282236,0.1573647970199833,0.1982140937629004,0.2474392736317653,0.301166097776815,0.3647793598108758,0.4318911392614115,0.5065705090486846,0.5850884972010781,0.669159438614349,0.7550416326922808,0.8465428493657379,0.9396498614766962,1.030037851889621,1.1270329252404605,1.2192948551327705,1.314546879429903,1.4050331934184952,1.500028869751495,1.5911225471467658,1.6829656740070762,1.7735557445667216,1.8615178868881768,1.9473629641052623,2.031669620914629,2.114049359496472,2.196922420787564,2.275395292086189,2.352842127374315,2.430764358379551,2.5065252023809967,2.577944508545688,2.647168710398906,2.715051992965824,2.7849633326717926,2.848850364520534,2.9166125517209105
14000,27,27,27,27,9.933954565159256e-05,0.0003997903818544,0.0012941931751293,0.0033858249768818,0.0063512584183367,0.0109323682698741,0.0175986866364587,0.0270741280571197,0.0378917963371149,0.0527969829704318,0.0708488811519304,0.0926026994120942,0.1201420593682786,0.1517639553598218,0.1899726407888955,0.2365053379851443,0.2882202503134388,0.3506091558321777,0.415543140885726,0.4876167598740377,0.5652231128363799,0.6462200756385783,0.7327709799436913,0.820908204147338,0.9112075665328848,1.0029866589659215,1.093720693742154,1.188970283092016,1.2837905638982732,1.373513212552606,1.4667435978762124,1.5568456078834756,1.646868368573368,1.7358567070891733,1.822727477819401,1.9121166779966043,1.9962894875570512,2.0775763734591006,2.160492317039003,2.23935056734087,2.318378251050168,2.3941948092884617,2.4686982074065216,2.541188591279772,2.6136359925972386,2.683484224582946,2.749976566060145,2.816039584030377,2.8813030433474203
14500,28,28,28,28,5.623830155455274e-05,0.0003847380752778,0.0013437801953082,0.0032591888346309,0.0059855860997614,0.0105538422815243,0.0170940789239457,0.0259482182217501,0.0365588788600067,0.0511911020080267,0.0680552024718631,0.0888133304325748,0.115415456724901,0.1463924224952691,0.1823503257794322,0.2272226089657249,0.2785674833319807,0.3366550624845045,0.4000290170706422,0.4697619901637045,0.5453510306416788,0.6235224228991958,0.707490111140864,0.7933948219944889,0.8853282677339488,0.9741431061246904,1.0676805425169926,1.1589639432293533,1.2519081229715117,1.3407761449405498,1.433420036051414,1.5255587760453857,1.6143842220433766,1.703306902860951,1.7894337804427602,1.875730364320784,1.959372757692972,2.0425356557378027,2.123390361307017,2.2040657856361374,2.2818429944649434,2.3599777014817684,2.433764206067697,2.507689907276822,2.578139189135962,2.64718298864051,2.715792136040866,2.7837865551408263,2.8475380567872928
15000,29,29,29,29,3.596532878782366e-05,0.000348140873272,0.0013784606553389,0.0029112955921723,0.0060648327204373,0.0104973162740004,0.0166825965397846,0.0252344543712603,0.035595923363111,0.0489700508280293,0.0661716091311281,0.0859075023223984,0.1114679418337292,0.1409696881374272,0.1775338546814368,0.218325235923176,0.2686121646353069,0.3244911317527396,0.385454436974818,0.4557884113244574,0.5288258864710804,0.605511461180295,0.6859176867568344,0.7714447230911639,0.8603800292029189,0.946397682584329,1.040183892366422,1.1290266911876043,1.2222868968194531,1.3116966759970496,1.401544430213365,1.4928626580643165,1.5824046814768848,1.6700340793132205,1.7558419955780602,1.8438158685398776,1.9263018029816408,2.008743464758158,2.090265351779123,2.1688121514430034,2.248547106868027,2.3237920572011483,2.3981737536035443,2.4743458779531755,2.5435233214432134,2.615170624334413,2.6851193865757,2.750086110088751,2.8163313316954537
15500,30,30,30,30,5.070497710879529e-05,0.0003291513342321,0.0013848909056602,0.0030488820174128,0.0060684706269907,0.0100169250699008,0.015809276995276,0.0239872147650688,0.0342614179245066,0.0477975585770645,0.063908886221794,0.0823908140599482,0.1067775352291915,0.1359133388612979,0.1699293768035074,0.2114515742777522,0.2581170346122212,0.3133911328971023,0.372100626175565,0.4389488332899354,0.5107028924270458,0.5856836609835386,0.6663999106292413,0.7494941542442511,0.8378388498278103,0.9238206441199472,1.0122730752676117,1.1038300523726536,1.191849020070629,1.283257063890564,1.3736263394491128,1.4620985161825883,1.5493937883495148,1.6389681615083118,1.7240591360596391,1.8117309053511268,1.894039357850446,1.975695375808246,2.056404097963403,2.1376504535268257,2.216897260099495,2.290923079627251,2.367013477285802,2.439964942687943,2.5125106445821266,2.582351390374773,2.650958152244411,2.719025976317385,2.784629760224888
16000,31,31,31,31,4.047008971066468e-05,0.0003288691018627,0.0012355982858582,0.0027620978858847,0.0056844254278623,0.0102844663990236,0.0154770080960367,0.0232634397779856,0.0332352455631946,0.0460207338906236,0.0619773193987145,0.0807558957472601,0.1034712834764117,0.131191042355379,0.1636647789132758,0.2025153962977021,0.2488047577489238,0.3008975545289521,0.3589562059480761,0.4222679096502993,0.4933743493206515,0.5669383223057862,0.645313498736585,0.7286124135899842,0.8140192694818,0.8989800263130057,0.9862837486583396,1.0766051381059352,1.164378157150726,1.2554703224874335,1.3426445440671662,1.431349868018066,1.518690612873101,1.6063125895184325,1.6926248426839976,1.778693996866647,1.8630635900999448,1.944573611665292,2.025849939609322,2.1051864689747743,2.183418315877576,2.2598714221868628,2.3375919350020595,2.409835745460677,2.481184097087034,2.552573747100096,2.6204060464527945,2.6874474865161577,2.753311493027498
16500,32,32,32,32,5.6515684404160695e-05,0.0003310444321229,0.0011482642394218,0.0027983318425201,0.0054137839835888,0.0098551375621582,0.0155760364420559,0.0223212642948325,0.032470914716809,0.0443293976845945,0.0599716390818933,0.0765645704721884,0.0999221821617201,0.1262509000959107,0.1581200305721678,0.1956836432501464,0.2400564464256324,0.2908904982787946,0.3462591843889449,0.4073720476037038,0.476288466818873,0.5503213284791032,0.6310786364856766,0.7069338183834197,0.7911225456415143,0.8756597400356251,0.9638776861111914,1.049153478809162,1.1364026031559995,1.227247397169442,1.3164224579660622,1.4030422851343525,1.4908459954640918,1.5807928886858564,1.6622395147794364,1.7490018205100135,1.8317238597475585,1.914599408354044,1.9946004326231743,2.07528480268902,2.153511324093538,2.228446315802573,2.304416516322645,2.380031732600675,2.4510386620249376,2.519539868010642,2.587420678920341,2.6561324869894336,2.723033437403221
17000,33,33,33,33,6.279964505970051e-05,0.0003906208791438,0.0011318111901858,0.0027639819536466,0.0053691352001821,0.0092445371384697,0.0146936657258038,0.0215710625300847,0.0311503291953114,0.0433368631062954,0.0574064900733745,0.075239049507546,0.0973834534534798,0.1225375748815687,0.1540851569545992,0.1890116334271554,0.2322493544291905,0.2813982729838791,0.3368244212271875,0.3979904504585596,0.464715039812718,0.5352923001064466,0.6108856154651439,0.6880405752337809,0.7703794554245414,0.8529915550831724,0.9392889444312268,1.0244232158715971,1.1128988855436992,1.2039497496122915,1.2883345445176515,1.375147925677159,1.4621638907288053,1.5506110762515528,1.6344392648205792,1.7201512764568023,1.8029091495390783,1.8838795617740465,1.9644156565267945,2.045812421583,2.123172500635415,2.1987656357625154,2.274921162122169,2.347893956764024,2.4190916315984343,2.491511741173528,2.5584956754225447,2.628700186233389,2.696041229140344
17500,34,34,34,34,3.7726662960935184e-05,0.0003299651267637,0.001115386930358,0.0025430786191922,0.0051801479674875,0.0086062875449052,0.0142484832154511,0.0215018990817662,0.0307245738726914,0.0417638616138516,0.0563863144165683,0.0737150880904907,0.0948756928959325,0.1195982267057922,0.1486107914528303,0.1840244103211038,0.2258417543535172,0.2727427504266821,0.3253009289366692,0.3838648046605014,0.4499758155866922,0.5171309537671677,0.5930251738293996,0.6705222002726,0.7495953401327673,0.8344543092603334,0.9162458195769548,1.0026815570099354,1.090097640394684,1.1755516360155884,1.2626160653398102,1.3492964165211252,1.436770075651523,1.5226711152179766,1.6075900229285351,1.6911780017249722,1.7750063166618697,1.8565742534502807,1.9356560004577648,2.0151523422845687,2.095113031287566,2.170559161758182,2.2459906445323363,2.3204003231449795,2.392582671138305,2.463514362039531,2.5312202725536364,2.599737457056841,2.666116679792588
18000,35,35,35,35,3.316412402656344e-05,0.0003248349135603,0.0011441160248217,0.0024835052024582,0.0051568957997908,0.0084356308063931,0.0139787971535338,0.0209455400830919,0.0296066011386461,0.0408692413893389,0.0539230473194841,0.0714038292701039,0.0908363986889156,0.116237566955761,0.1434775762784684,0.1771019210899114,0.2179669019084959,0.2642774155826404,0.3149161872398687,0.3735644886055102,0.4376162933306117,0.504756657912762,0.5760186887572655,0.6512201624851779,0.7317007600577142,0.8124439068021039,0.8954399524474492,0.9812438387538336,1.0663721119608232,1.1513460878500192,1.2371661224976866,1.3240421993522655,1.4082340781407725,1.496698623310081,1.5810849446693789,1.662114571766446,1.7473871524046192,1.8283770775799584,1.90764643962556,1.9883556556571629,2.0650454934151936,2.1429226068318474,2.2175857847255003,2.291111040210988,2.3630246655374094,2.4339608303757334,2.5048579479698745,2.569117839742415,2.6359728090739742
18500,36,36,36,36,3.535073324716365e-05,0.0003209157484494,0.0010378305129117,0.0025865535933643,0.0046345118223338,0.0083331159876777,0.0134379031637448,0.0203838153751246,0.0291472394799183,0.0399910703738926,0.0537980462140692,0.0700007950720279,0.0887021063326753,0.1118021220378844,0.1392376850562469,0.1730935584588727,0.2106811797145595,0.2555182619944942,0.3057224037645557,0.3609371294198569,0.4240779933141099,0.4906101804591198,0.5605930056290804,0.6364131074760425,0.7133284553774791,0.7934319024708977,0.8765055363550907,0.9580083600188304,1.043691459186239,1.128785648150482,1.2149614871819252,1.3001644829362544,1.3866876463271496,1.4709200852567672,1.5554748827375626,1.6380351409245493,1.7182205394311854,1.8017560580787035,1.8809656772297727,1.960101547551813,2.0364771262987578,2.113046307183799,2.1877757781067664,2.2617093150459846,2.334465697106266,2.405416059727168,2.474689879857072,2.54245223481846,2.608472642137122
19000,37,37,37,37,5.15397188311617e-05,0.0002789151230888,0.0010089825634173,0.0024437803268688,0.0047346311697176,0.0084180165694582,0.0131242227649093,0.0198835876879943,0.0278349944158887,0.0391450635046103,0.0512841125962517,0.0673331725731831,0.0875139233406734,0.1085657892497632,0.1360084163799836,0.168148144254539,0.2047556855827526,0.2474027868525468,0.2982040934288486,0.3521904178410046,0.4132230092888466,0.4766411891470737,0.5465248343431378,0.6188880900443932,0.6960669047623805,0.776453643476597,0.8540089584019689,0.9387532808712596,1.02148422458902,1.105165487075722,1.1900417472417162,1.2750585870483455,1.3609627553761487,1.4440810431343705,1.5272924070908551,1.612476144639564,1.6923584444383448,1.77482785913424,1.8532448253824032,1.933816807406651,2.0112264978633645,2.085780948422294,2.161995312283172,2.2336641783030364,2.3073685411150806,2.379062778393049,2.4489173601703964,2.5180071462851825,2.5812921671987032
19500,38,38,38,38,5.278952245399981e-05,0.0002553880058059,0.0010093110294543,0.0022912662651325,0.00455260137615,0.0080297706391219,0.0130404030137107,0.0190755093182658,0.0273578216020314,0.0378804866305491,0.0498659523231796,0.0657961159653178,0.0843442962213187,0.1068239806484132,0.1316182084126931,0.1633968371527444,0.2000382961248059,0.2417364071095409,0.2888784919348388,0.3428658843136342,0.4010128224684683,0.4628966260892585,0.5299190532837444,0.6038973077333443,0.6791159088162287,0.7562520789601782,0.83855991144848,0.9164688257219163,1.0026408897135348,1.0860630438168375,1.1689984536590985,1.2507994090845789,1.3375858954093125,1.4195503036070074,1.5035036882940205,1.5869770925130215,1.668358156742861,1.748428764105266,1.8272073803713256,1.907216928735532,1.9834232397582112,2.0586173114543858,2.13533747421108,2.209062422369094,2.282219834865842,2.3519894316158454,2.421258626614303,2.48938613150767,2.5555366867487352
